4,"Kiki Caron"," Christine Kiki Caron (born 10 July 1948) is a French former backstroke swimmer. She won the silver medal in 100 m backstroke at the 1964 Summer Olympics and the gold medal in the same event at the 1966 European Aquatics Championships. She also participated in the 1968 Summer Olympics where she was the first woman to carry the French flag at the opening ceremony. During her swimming career she won 29 national swimming titles."
5,"Michael J. Fisher"," Michael J. Fisher is Chief of the United States Border Patrol and a member of the Senior Executive Service.Fisher is responsible for planning organizing coordinating and directing enforcement efforts to secure the United States' borders.Alan Bersin former Commissioner of U.S. Customs and Border Protection (CBP) described Fisher as an innovative leader among his peers and highly respected within the law enforcement community."
12,"This Woman (K. T. Oslin album)"," This Woman is the second studio album by American country music artist K. T. Oslin. It was released by RCA Nashville in 1988. Money Hold Me Hey Bobby the title track and Didn't Expect It to Go Down This Way were released as singles. The album reached #2 on the Top Country Albums chart and has been certified Platinum by the RIAA."
11,"Melaleuca huttensis"," Melaleuca huttensis is an Australian shrub."
13,"Up 'n' Under (film)"," Up 'n' Under is a 1998 film adaptation of the John Godber play of the same title.John Godber scripted and made his directorial debut with this adaptation of his play. The film was shot in Cardiff Wales."
6,"HMS Leopard (1741)"," HMS Leopard was a 50-gun fourth rate ship of the line of the Royal Navy built according to the 1733 proposals of the 1719 Establishment at Blackwall Yard and launched on 30 October 1741.Leopard was broken up in 1761."
9,"Golinjevo"," Golinjevo is a village in the municipality of Livno Bosnia and Herzegovina."
1,"Academic Games"," Academic Games is a competition in the U.S. in which players win by out-thinking each other in mathematics language arts and social studies. Formal tournaments are organized by local leagues and on a national level by the Academic Games Leagues of America (AGLOA). Member leagues in eight states hold a national tournament every year in which players in four divisions compete in eight different logic-based games but only six of these at the National level."
2,"Del Mar Pines School"," Del Mar Pines School is a private elementary school in the North County Coastal area of San Diego California."
5,"Giovanni Spadolini"," Giovanni Spadolini (21 June 1925 – 4 August 1994) was a Republican Italian politician the 45th Prime Minister of Italy newspaper editor journalist and a noted historian."
9,"Karan-e Olya"," Karan-e Olya (Persian: كران عليا‎ also Romanized as Karān-e ‘Olyā Karan Olya and Kerān-e ‘Olyā; also known as Karān-e Bālā  Karrān-e Bālā Kerān Bālā Kerān-e Bālā Kīrān-e Bālā and Yukāri Karan) is a village in Baba Jik Rural District in the Central District of Chaldoran County West Azerbaijan Province Iran. At the 2006 census its population was 88 in 23 families."
11,"Cartonema"," Cartonema is a genus of perennial or annual monocotyledonous flowering plants in the dayflower family. It is restricted to Australia and nearby Trangan Island which is part of Indonesia. It is the earliest diverging member of its family and has a number of traits that are unique within it such as non-succulent leaves and a lack of raphides (a particular form of calcium oxalate). Its distinctive features led to the genus to once be considered part of its own separate family Cartonemataceae."
10,"Paropta l-nigrum"," Paropta l-nigrum is a species of moth of the Cossidae family. It is found on Cyprus.The wingspan is 36-39 mm. The forewings are ashen grey. The hindwings are uniform brownish grey."
7,"George Washington Hollida House"," The George Washington Hollida House is a brick house built c. 1842 near the village of Scrabble West Virginia United States. The Hollida (pronounced Holiday) House is an example of an I-house with a five-bay front and a four-bay ell extending to the rear with Greek Revival detailing. The property includes several outbuildings and a bank barn. The Hollida house is included in the larger Scrabble Historic District which encompasses the entire village."
3,"Pablo Zinger"," Pablo Zinger is a conductor pianist writer composer arranger lecturer and narrator specializing in the music of Ástor Piazzolla tango Spanish zarzuela and Latin American vocal and instrumental music."
6,"HMS Ballahoo (1804)"," HMS Ballahoo (also Balahou Ballahou or Ballahon) was the first of the Royal Navy's Ballahoo-class schooners vessels of four 12-pounder carronades and a crew of 20. The prime contractor for the vessel was Goodrich & Co. in Bermuda and she was launched in 1804. She patrolled primarily in the Leeward Islands taking several small prizes before an American privateer captured her in 1814 during the War of 1812."
13,"The Betrayed (1993 film)"," The Betrayed (Dutch: Op Afbetaling) is a 1993 Dutch drama film made for television directed by Frans Weisz. It was entered into the 43rd Berlin International Film Festival."
3,"Kurumi Inui"," Kurumi Inui (乾 くるみ Inui Kurumi born 1963) is a novelist and mystery writer from Shizuoka Prefecture Japan. He is a graduate of Shizuoka University where he studied science and math. In 1998 his debut work J no shinwa won the 4th Mephisto Award. Because of his feminine-sounding name he is often mistakenly thought to be a woman.[citation needed] His work is distinguished by its slightly warped style.[citation needed] His most important work is Initiation Love.[citation needed]"
10,"Eupithecia oroba"," Eupithecia oroba is a moth in the Geometridae family. It is found in Mexico and Panama.The fore- and hindwings are pale fawn-colour each crossed by fine indistinct waved brown lines."
4,"Louis Monaco"," Louis The Facelifter Monaco (born April 28 1968 in Denver Colorado) is a professional boxer in the Heavyweight division and the former CAM (Canadian American Mexican) Heavyweight Champion. Nicknamed The Facelifter Monaco is a clubfighter who fought several significant fighters of his era."
1,"Yellowleg.com"," Yellowleg.com is an Indian electronic commerce company headquartered in Bangalore India. It is an online bookstore that specializes in offering a curated selection of travel books. Yellowleg.com also lets users return the books they buy for in-store credit.In late 2011 they also launched a marketplace for travel planners and consultants to offer their services from the Yellowleg.com site."
1,"Quality Communications"," Quality Communications is a British publishing company founded by Dez Skinn in 1982. Quality was initially formed to publish the award-winning monthly comics anthology Warrior. The company has been involved with comics in both the UK and the U.S. mainly with reprint material from Warrior and repackaging 2000 AD material for the U.S. market. Quality was also involved in the U.S. completion of Marvelman and V for Vendetta.Quality's main period as a comics publisher was from 1982–1988."
11,"Peperomia litana"," Peperomia litana is a species of plant in the Piperaceae family. It is endemic to Ecuador."
4,"Sergei Soldatov (footballer)"," Sergei Vyacheslavovich Soldatov (Russian: Серге́й Вячеславович Солдатов; born February 25 1989) is a Russian football defender who played for FC Yakutiya Yakutsk in 2011.He made his debut in the Russian Second Division for FC Yakutiya Yakutsk on May 4 2011 in a game against FC Irtysh Omsk."
2,"Coolidge Senior High School (Washington DC)"," Calvin Coolidge High School is a public high school located in the Northwest quadrant of the District of Columbia."
7,"Hottenstein Mansion"," Hottenstein Mansion also known as Huddestystettle is a historic home located in Maxatawny Township Berks County Pennsylvania. It was built in 1783 and is a 2 1/2-story limestone dwelling with red sandstone accents in the Georgian style. A rear kitchen addition dates to the mid-19th century. It has a high-pitched gable roof and features a small portico supported by Doric order columns and pilasters.It was listed on the National Register of Historic Places in 1972."
3,"Jim Owen (singer-songwriter)"," Jim Owen (born April 21 1941 in Robards Kentucky) is an American singer-songwriter. When he was eight years old Owen saw Hank Williams Sr sing and from that time he became completely fascinated by the star and his music. After completing his education he worked variously as a journalist and as a golf coach until 1969 when with Mel Tillis’ help he relocated to Nashville Tennessee to work as a songwriter.Over the next few years several artists had chart hits with his songs."
3,"Hans Adam Weissenkircher"," Hans Adam Weissenkircher (10 February 1646 – 16 January 1695) was an Austrian Baroque painter and court painter of the Prince Johann Seyfried von Eggenberg in Graz."
12,"Business Never Personal"," Business Never Personal is the fourth studio album by hip hop duo EPMD released July 28 1992 on Def Jam Records. Following mixed criticism of their previous studio effort 1990's Business As Usual the duo was able to return to their past acclaim on Business Never Personal. The album is considered the duo's third classic by fans and critics. The record was originally given a rating of 4.5 mics out of 5 in The Source in 1992."
12,"The Tired Sun"," The Tired Sun is debut EP by New Zealand band Able Tasmans released on Flying Nun Records in 1985."
8,"Hochries"," Hochries is a mountain in Bavaria Germany.It is 1569 m high and is located in the north-western part of the Chiemgauer Alpen."
14,"Tunnel People"," Tunnel People is an anthropological-journalistic account describing an underground homeless community in New York. It is written by war photographer and anthropologist Teun Voeten and was published by the Oakland based independent publishing house PM Press in 2010."
4,"Ernie Steele"," Ernest Raymond Steele (November 2 1917 – October 16 2006) was an American football running back in the National Football League for the Philadelphia Eagles and the Steagles a team that resulted in the temporary merger of the Eagles and Pittsburgh Steelers in 1943. He played college football at the University of Washington and was drafted in the tenth round of the 1942 NFL Draft.He played in two NFL championship games for the Philadelphia Eagles."
1,"Transport Initiatives Edinburgh"," Tie Ltd. (previously Transport Initiatives Edinburgh Ltd.) was a Scottish company which from May 2002 to August 2011 project-managed large-scale transport projects on behalf of the City of Edinburgh Council in Edinburgh. It was brought in as part of a public-private partnership (PPP) to improve Scottish public transport infrastructure development. Following its management of the controversial Edinburgh Trams project the company was closed down in 2011."
10,"Dectes"," Dectes is a genus of longhorn beetles of the subfamily Lamiinae. It was described by LeConte in 1852."
13,"Marmalade Revolution"," Marmalade Revolution (Swedish: Marmeladupproret) is a 1980 Swedish drama film directed by and starring Erland Josephson. It was entered into the 30th Berlin International Film Festival."
5,"R. Raghunatha Rao"," Diwan Bahadur Rai Raghunatha Rao CSI (c. February 1831 – May 3 1912) was an Indian civil servant administrator politician and Indian independence activist who served as the Diwan of Indore from 1875 to 1880 and 1886 to 1888. He was related to Indian statesman Sir T. Madhava Rao."
14,"The Sailor's Return (novel)"," The Sailor's Return is a 1925 British novel by David Garnett. In Victorian England a black woman marries a sailor and faces hostility from the local community in Dorset."
1,"DSFA Records"," DSFA Records was a Dutch record label and Doesn't Stand For Anything. Known bands for the label are Within Temptation Trail Of Tears and The Gauntlet. The label has been defunct for several years."
13,"A Ship Bound for India"," A Ship Bound for India (Swedish: Skepp till Indialand) is a 1947 Swedish film directed by Ingmar Bergman. It was originally released as A Ship to India in the United Kingdom and Frustration in the United States."
4,"Rhys Rees"," Rhys Rees was a Welsh professional rugby league footballer of the 1900s and '10s playing at representative level for Wales and Welsh League XIII and at club level for Merthyr Tydfil and Wigan as a Stand-off/Five-eighth or Scrum-half/Halfback i.e. number 6 or 7."
7,"St. Angela Merici's Church (Bronx New York)"," The Church of St. Angela Merici is a Roman Catholic parish church under the authority of the Roman Catholic Archdiocese of New York located at 917 Morris Avenue Bronx New York City. It was established in 1899. It has been staffed by the Apostles of Jesus since 2000."
1,"The Antique Wine Company"," The Antique Wine Company is a wine merchant specialising in fine and rare wines based in London. It was founded by Stephen Williams in 1982 and now has over 20000 clients in 70 countries. Since the start the company has specialised in exceptionally fine wine and currently holds over 10000 bottles of the world's finest vintages in its cellars.The company is known for record breaking wine collections and fine wine events."
2,"Islamic Asian College of Commerce Kharian"," The Islamic Asian College of Commerce Kharian is a college that is affiliated to University of the Punjab."
4,"Harwood Williams"," Harwood Wycum Williams (born 17 January 1970) is a former Kittitian cricketer who played several matches for the Leeward Islands during the 1990s and later a single Twenty20 match for Saint Kitts in 2006. Born on the island Williams played for the Leeward Islands under-19 team at both the 1988 and 1989 West Indies Youth Championships and finished second in the team's batting averages and run aggregates in the latter year."
3,"Samuel Taylor Coleridge"," Samuel Taylor Coleridge (21 October 1772 – 25 July 1834) was an English poet literary critic and philosopher who with his friend William Wordsworth was a founder of the Romantic Movement in England and a member of the Lake Poets. He wrote the poems The Rime of the Ancient Mariner and Kubla Khan as well as the major prose work Biographia Literaria."
4,"Mikhail Klaynerov"," Mikhail Klaynerov (born 1904 date of death unknown) was a Bulgarian cyclist. He competed in two events at the 1924 Summer Olympics."
2,"HNU College of Law"," Holy Name University College of Law or HNU-COL is a department of the Holy Name University formerly Divine Word College of Tagbilaran (DWC-T) an institution of higher learning located in Tagbilaran City Bohol Philippines. The College offers a Baccalaureate course leading to the degree of Bachelor of Laws or LLB."
9,"Błuskajmy Wielkie"," Błuskajmy Wielkie [bwusˈkai̯mɨ ˈvjɛlkʲɛ] (German: Groß Bloßkeim) is a village in the administrative district of Gmina Korsze within Kętrzyn County Warmian-Masurian Voivodeship in northern Poland. It lies approximately 9 kilometres (6 mi) north of Korsze 26 km (16 mi) north-west of Kętrzyn and 65 km (40 mi) north-east of the regional capital Olsztyn.Before 1945 the area was part of Germany (East Prussia).The village has a population of 65."
2,"University of Utah"," The University of Utah (also referred to as the U the U of U or Utah) is a public coeducational space-grant research university in Salt Lake City Utah United States. As the state's flagship university the university offers more than 100 undergraduate majors and more than 92 graduate degree programs. Graduate studies include the S.J. Quinney College of Law and the School of Medicine Utah's only medical school."
10,"Copelatus montivagus"," Copelatus montivagus is a species of diving beetle. It is part of the Copelatus genus which is of the Copelatinae subfamily and the Dytiscidae family. It was described by Young in 1942."
6,"USS Pocomoke (SP-571)"," The first USS Pocomoke (SP-571) later USS SP-571 was a United States Navy patrol vessel in commission from 1917 to 1918.Pocomoke was built as a civilian freight boat of the same name by Brewster Brothers at Baltimore Maryland. The U.S. Navy acquired her from her owner the Fish Commission of the Commonwealth of Virginia in 1917 for World War I service as a patrol vessel."
13,"The Lazarus Effect (film)"," The Lazarus Effect is a 2010 documentary film about the positive impact of free antiretroviral drug therapy on HIV/AIDS patients in Africa. It was directed by Lance Bangs and executive produced by Spike Jonze after an organizer from AIDS awareness group (RED) suggested the project to them. The film features patients and medical staff in Zambia speaking about their experiences and was produced by (RED) and HBO."
8,"Formoso River (Rondônia)"," The Formoso River is a river of Rondônia state in western Brazil."
13,"30-Second Bunnies Theatre"," 30-Second Bunnies Theatre is a Webby Award-winning Flash cartoon series featuring films re-enacted by anthropomorphic animated bunnies in 30 seconds. The series is produced by Angry Alien Productions the one-woman company of creator Jennifer Shiman.The series debuted in 2004 when Shiman sought to create a humorous web series. She unveiled a version of The Exorcist re-enacted by animated bunnies in 30 seconds."
5,"James Flannery (Ohio politician)"," James J. Flannery (October 31 1938 – March 4 2005) was a member of the Ohio House of Representatives. He died in 2005."
11,"Werauhia sanguinolenta"," Werauhia sanguinolenta is a species of the genus Werauhia. The species is native to Colombia."
7,"Southland Center (Michigan)"," Southland Center (also known as Southland Mall) is an enclosed mall located at 23000 Eureka Road in Taylor Michigan (a Downriver community located southwest of Detroit) exactly halfway between Telegraph Road (US 24) and the I-75 freeway presently anchored by Macy's JCPenney Best Buy Shoe Carnival and Forever 21. It is the newest of the Detroit area's four land malls (Northland Southland Eastland Westland). Southland Center opened on July 20 1970."
9,"Smolice Łęczyca County"," Smolice [smɔˈlit͡sɛ] is a village in the administrative district of Gmina Grabów within Łęczyca County Łódź Voivodeship in central Poland. It lies approximately 5 kilometres (3 mi) south-east of Grabów 12 km (7 mi) north-west of Łęczyca and 46 km (29 mi) north-west of the regional capital Łódź."
10,"Cautor"," Cautor is a genus of minute sea snails marine gastropod mollusks or micromollusks in the family Triphoridae."
3,"DJ Méndez"," Leopoldo Méndez Alcayaga is a Chilean-Swedish DJ singer and producer known by his stage name Méndez formerly DJ Méndez. He won the 2002 MTV Video Music Awards Latinoamérica Awards for Best Southwest New Artist."
3,"Paul Samwell-Smith"," Paul Samwell-Smith (born Paul Smith 8 May 1943 in Richmond Surrey) is best known as a founding member and bassist of the 1960s English band The Yardbirds a group that spawned such noteworthy musicians as Jeff Beck Eric Clapton and Jimmy Page."
14,"Captive Witness"," Captive Witness is the 64th volume in the Nancy Drew Stories series. Nancy travels to Austria to solve a mystery. Its about stolen film and 10 refugee children trapped in Hungary. It was originally titled Captive Witness Mystery."
5,"Rosalynn Carter"," Eleanor Rosalynn Carter (née Smith; August 18 1927) is the wife of the 39th President of the United States Jimmy Carter and in that capacity served as the First Lady of the United States from 1977 to 1981. She has for decades been a leading advocate for numerous causes perhaps most prominently for mental health research. She was politically active during her White House years sitting in on Cabinet and policy meetings as well as serving as her husband's closest adviser."
7,"Broad Street United Methodist Church (Columbus Ohio)"," Broad Street United Methodist Church is a historic Methodist church at 501 E. Broad Street in Columbus Ohio.It was built in 1885 and added to the National Register in 1980."
6,"FV Northern Belle"," The Northern Belle was a fishing vessel that sank in the Gulf of Alaska on April 20 2010. Three of her four crew were rescued alive; her captain Robert Royer died before rescue teams arrived."
2,"Sir Wilfrid Laurier Collegiate Institute"," Sir Wilfrid Laurier Collegiate Institute (colloquially known as Sir Wilfrid Laurier CI SWLCI SWL Sir Wilfrid Laurier or simply Laurier) is a high school in Toronto located in southern Scarborough specifically in the heart of Guildwood Village beside The Guild Inn at 145 Guildwood Parkway."
6,"Gabardini biplane"," The Gabardini biplane was an Italian single seat biplane designed and built near the beginning of World War I. It was an advanced trainer and could be fitted with engines of output between about 40 to 80 kW (55 to 105 hp)."
3,"Eric van Aro"," Eric van Aro (born August 8 1958) is a European jazz and pop singer. He is the son of the Italian singer Caterina Valente and the German Juggler/Producer Erik van Aro Sr."
1,"OmNovia Technologies"," omNovia Technologies is a software company founded by Shahin (Shawn) Shadfar in 2004 that provides web conferencing solutions for realtime rich-media online meetings webinars webcasts and eLearning sessions with two to 5000 interactive participants. The company's headquarters is located in Houston Texas. According to the company the name omNovia derives from omni and innovation."
2,"Coretta Scott King Young Women's Leadership Academy"," The Coretta Scott King Young Women's Leadership Academy (CSKYWLA) was opened in Atlanta Georgia in August 2007. For a short time the academy was simply referred to as the girls' single gender academy but was later named by its first principal Melody Morgan in honor of the life and legacy of Coretta Scott King the civil rights leader and wife of the late Dr. Martin Luther King Jr. At its inception the school served girls in grade 6 with plans for expansion to grade 12 by 2014."
3,"Pixie Lott"," Victoria Louise Pixie Lott (born 12 January 1991) is an English singer-songwriter dancer and actress. Her debut single Mama Do (Uh Oh Uh Oh) was released in June 2009 and went straight to number one in the UK Singles Chart. Her second single Boys and Girls also topped the UK chart in September 2009.Lott's debut album Turn It Up was released in September 2009."
11,"Camphorosmoideae"," The Camphorosmoideae is a species-rich subfamily of the Amaranthaceae formerly in family Chenopodiaceae."
5,"Jeff McCabe"," Jeffrey M. McCabe is an American politician who is a member of the Maine House of Representatives. He is a member of the Democratic Party and currently serves as Assistant Majority Leader."
3,"Freya Wilson"," Freya Wilson (born 1999) is a British child actress."
13,"Playing for Keeps (2012 film)"," Playing for Keeps is a 2012 American romantic comedy film directed by Gabriele Muccino starring Gerard Butler with Jessica Biel Catherine Zeta-Jones Dennis Quaid Uma Thurman and Judy Greer in supporting roles. The film was released on December 7 2012 in the United States and Canada by FilmDistrict."
12,"Live Dates"," Live Dates is the first live album by the British rock band Wishbone Ash.Following the release of the album founding member Ted Turner left the band resulting in a shift of the band's musical approach."
11,"Cranichis"," Cranichis is a genus of flowering plants from the orchid family Orchidaceae."
7,"St. Lawrence Catholic Church (Otter Creek Iowa)"," St. Lawrence Catholic Church is a parish of the Archdiocese of Dubuque located in rural Jackson County Iowa. It is listed on the National Register of Historic Places. The parish was founded in 1854. The church building built in 1883 was designed by Fridoline Heer. It is constructed in limestone in the Gothic revival style."
12,"Open Mind (album)"," Open Mind is an album by French Jazz-Fusion artist Jean-Luc Ponty released in 1984."
8,"Kenyir Lake"," Tasik Kenyir or Kenyir Lake is an artificial lake located in the state of Terengganu in northeast Malaysia created in 1985 by the damming of the Kenyir River to create the Sultan Mahmud Power Station. It is the largest man-made lake in South East Asia."
13,"The Net (1953 film)"," The Net (U.S. Project M7) is a 1953 British film made by Two Cities Films directed by Anthony Asquith and starring James Donald Phyllis Calvert Robert Beatty and Herbert Lom. The film is set in the world of aviation research and was based on the novel of the same name by John Pudney."
11,"Galium palustre"," Galium palustre is a herbaceous annual plant of the family Rubiaceae. This plant is native to Europe and North America[1] and has several common names including Common Marsh-bedstraw."
2,"Kutztown University of Pennsylvania"," Kutztown University of Pennsylvania (commonly known as Kutztown University or KU) is an American public university located in rural Kutztown Berks County Pennsylvania and is one of fourteen schools that comprise the Pennsylvania State System of Higher Education (PASSHE) and is accredited by the Middle States Association of Colleges and Secondary Schools Pennsylvania Department of Education NCATE NLN CSWE NASM and NASAD.First established in 1866 Kutztown University began as the Keystone Normal School based out of the presently-named Old Main Building and specializing in teacher education; in 1928 its name was changed to Kutztown State Teachers College. "
10,"Yellow-eared Parrot"," The Yellow-eared Parrot (Ognorhynchus icterotis) is an endangered parrot of tropical America. It is found in the western Andes in Colombia and (perhaps only formerly) Ecuador and is closely associated to the wax palm Ceroxylon sp. which is itself endangered."
6,"Hillson Helvellyn"," The Hillson Helvellyn was a 1940s British two-seat training monoplane designed by Norman Sykes and built by F Hills & Sons of Trafford Park."
10,"Phtheochroa purissima"," Phtheochroa purissima is a species of moth of the Tortricidae family. It is found in Iran (the Elburz Mountains)."
14,"Odprava zelenega zmaja"," Odprava zelenega zmaja is a novel by Slovenian author Slavko Pregl. It was first published in 1976."
8,"Mandakini River"," Not to be confused with the actress MandakiniMandakini (Hindi: मंदाकिनी [mənˈd̪aːkɪni]) is a tributary of the Alaknanda River. Mandakini originates from the Chorabari Glacier near Kedarnath in Uttarakhand India. Mandakini is fed by Vasukiganga River at Sonprayag. Mandakini joins Alaknanda at Rudraprayag."
10,"Porichthys notatus"," Porichthys notatus is a species of fish in the toadfish family. It is a midshipman known by the common name plainfin midshipman. It is native to the eastern Pacific Ocean where its distribution extends along the coast from Sitka Alaska to Magdalena Bay in southern Baja California."
2,"Atlanta Technical College"," Atlanta Technical College (Atlanta Tech or ATC) is a unit of the Technical College System of Georgia (TCSG) and provides education services for Fulton and Clayton counties. Atlanta Tech is accredited by the Commission on Colleges of the Southern Association of Colleges and Schools (SACS) to award associate degrees diplomas and technical certificates of credit."
12,"Le Parc (album)"," Le Parc is an album by electronic artists Tangerine Dream which was released in May 1985. Each track on the album is inspired by a particular park from somewhere around the world. Le Parc marked Tangerine Dream's last studio release with Johannes Schmoelling; he left the band in October 1985. The title track Le Parc was used as the theme for the short-lived U.S television series Street Hawk. A video was produced for Tiergarten."
6,"HMS Dryad (1866)"," HMS Dryad was a 4-gun Amazon-class screw sloop launched at Devonport in 1866. She served on the East Indies and North American Stations taking part in the Abyssinian War a confrontation with the French at Tamatave and theEgyptian War. She was sold for breaking in 1885."
3,"Aleksandra Radović"," Aleksandra Radović (Cyrillic: Александра Радовић born September 10 1974) is a Serbian singer and songwriter."
4,"Odirile Gaolebale"," Odirile Gaolebale (born 14 November 1978) is a retired Botswanan footballer. A goalkeeper he played once in 2000 for the Botswana national football team."
10,"Agylla flavitincta"," Agylla flavitincta is a moth of the Arctiidae family. It was described by Dognin in 1899. It is found in Ecuador."
10,"Chalybura"," Chalybura is a genus of hummingbird in the Trochilidae family. It contains the following species: White-vented Plumeleteer (Chalybura buffonii) Bronze-tailed Plumeleteer (Chalybura urochrysia)"
6,"HMS Nelson (28)"," HMS Nelson (pennant number 28) was one of two Nelson-class battleships built for the Royal Navy between the two World Wars. She was named in honour of Horatio Nelson 1st Viscount Nelson the victor at the Battle of Trafalgar. The Nelsons were unique in British battleship construction being the only ships to carry a main armament of 16-inch (406 mm) guns and the only ones to carry all the main armament forward of the superstructure."
6,"Peugeot Type 105"," The Peugeot Type 105 was a large vehicle unveiled by Peugeot in 1908. The available body styles included double phaéton landaulet limousine and sport. However most were built as closed-top limousines. Total production lasted less than two years and saw the production of 23 units. Low production numbers and many available styles ensured almost complete uniqueness of each Type 105."
4,"Mikael Johansson (ice hockey born 1985)"," Mikael Johansson (born June 27 1985) is a Swedish professional ice hockey centre currently playing for Färjestads BK in the Swedish Elitserien. He was selected by the Detroit Red Wings in the 9th round (289th overall) of the 2003 NHL Entry Draft."
